{
  "ann_return": -0.04182442585277816,
  "ann_vol": 0.058887827871762194,
  "sharpe": -0.7102388959541458,
  "max_drawdown": -0.38393987838255556,
  "avg_turnover": 0.19388700775763038,
  "num_periods": 2729,
  "total_return": -0.3761301826736725
}