{
  "ann_return": -0.026007664137661476,
  "ann_vol": 0.08841563637907256,
  "sharpe": -0.29415231516466617,
  "max_drawdown": -0.4249115824270765,
  "avg_turnover": 0.21007163952033645,
  "num_periods": 2725,
  "total_return": -0.27633830969075357
}