{
  "ann_return": -0.02892390591603353,
  "ann_vol": 0.05258910724993911,
  "sharpe": -0.5499980400611768,
  "max_drawdown": -0.2868299014361717,
  "avg_turnover": 0.1941696786815783,
  "num_periods": 2728,
  "total_return": -0.2797153836409685
}