{
  "ann_return": -0.0006856219954347893,
  "ann_vol": 0.007239549549476989,
  "sharpe": -0.0947050628977767,
  "max_drawdown": -0.018306461220627807,
  "avg_turnover": 0.005127888382569448,
  "num_periods": 2730,
  "total_return": -0.007681980250637377
}